<?xml version="1.0" encoding="UTF-8"?>

<DBMetaData driverMajorVersion="10" driverMinorVersion="5" driverVersion="10.5.3.0 - (802917)" productVersion="10.5.3.0 - (802917)" identifierQuoteString="&quot;" transactionLevel="Read Committed" driverName="Apache Derby Network Client JDBC Driver" productName="Apache Derby">
  <Schema name="APP"/>
  <Schema name="NULLID"/>
  <Schema name="SQLJ"/>
  <Schema name="SYSCAT"/>
  <Schema name="SYSCS_DIAG"/>
  <Schema name="SYSCS_UTIL"/>
  <Schema name="SYSFUN"/>
  <Schema name="SYSPROC"/>
  <Schema name="SYSSTAT"/>
  <Table schema="APP" ignoreIndexes="false" name="CATEGORIA" type="TABLE" refreshed="true">
    <Column sqlTypeId="4" indexed="unknown" autoIncrement="false" type="INTEGER" size="10" decimalDigits="0" name="COD_CATEGORIA" primaryKey="true" notNull="true"/>
    <Column sqlTypeId="12" indexed="unknown" autoIncrement="false" type="VARCHAR" size="255" decimalDigits="0" name="DESCRICAO" primaryKey="false" notNull="false"/>
    <Column sqlTypeId="4" indexed="unknown" autoIncrement="false" type="INTEGER" size="10" decimalDigits="0" name="TAREFAS_COD_TAREFA" primaryKey="false" notNull="false"/>
  </Table>
  <Table schema="APP" ignoreIndexes="false" name="GROUP" type="TABLE" refreshed="true">
    <Column sqlTypeId="4" indexed="unknown" autoIncrement="false" type="INTEGER" size="10" decimalDigits="0" name="OID" primaryKey="true" notNull="true"/>
    <Column sqlTypeId="12" indexed="unknown" autoIncrement="false" type="VARCHAR" size="255" decimalDigits="0" name="GROUPNAME" primaryKey="false" notNull="false"/>
    <Column sqlTypeId="4" indexed="unknown" autoIncrement="false" type="INTEGER" size="10" decimalDigits="0" name="MODULE_OID" primaryKey="false" notNull="false"/>
  </Table>
  <Table schema="APP" ignoreIndexes="false" name="GROUP_MODULE" type="TABLE" refreshed="true">
    <Column sqlTypeId="4" indexed="unknown" autoIncrement="false" type="INTEGER" size="10" decimalDigits="0" name="GROUP_OID" primaryKey="true" notNull="true"/>
    <Column sqlTypeId="4" indexed="unknown" autoIncrement="false" type="INTEGER" size="10" decimalDigits="0" name="MODULE_OID" primaryKey="true" notNull="true"/>
  </Table>
  <Table schema="APP" ignoreIndexes="false" name="MODULE" type="TABLE" refreshed="true">
    <Column sqlTypeId="4" indexed="unknown" autoIncrement="false" type="INTEGER" size="10" decimalDigits="0" name="OID" primaryKey="true" notNull="true"/>
    <Column sqlTypeId="12" indexed="unknown" autoIncrement="false" type="VARCHAR" size="255" decimalDigits="0" name="MODULEID" primaryKey="false" notNull="false"/>
    <Column sqlTypeId="12" indexed="unknown" autoIncrement="false" type="VARCHAR" size="255" decimalDigits="0" name="MODULENAME" primaryKey="false" notNull="false"/>
  </Table>
  <Table schema="APP" ignoreIndexes="false" name="RECLAMACAO" type="TABLE" refreshed="true">
    <Column sqlTypeId="4" indexed="unknown" autoIncrement="false" type="INTEGER" size="10" decimalDigits="0" name="COD_RECLAMACAO" primaryKey="true" notNull="true"/>
    <Column sqlTypeId="4" indexed="unknown" autoIncrement="false" type="INTEGER" size="10" decimalDigits="0" name="COD_USER" primaryKey="false" notNull="false"/>
    <Column sqlTypeId="12" indexed="unknown" autoIncrement="false" type="VARCHAR" size="255" decimalDigits="0" name="TITULO" primaryKey="false" notNull="false"/>
    <Column sqlTypeId="12" indexed="unknown" autoIncrement="false" type="VARCHAR" size="255" decimalDigits="0" name="MENSAGEM" primaryKey="false" notNull="false"/>
    <Column sqlTypeId="5" indexed="unknown" autoIncrement="false" type="SMALLINT" size="5" decimalDigits="0" name="JA_VISTA" primaryKey="false" notNull="false"/>
  </Table>
  <Table schema="APP" ignoreIndexes="false" name="SUBTAREFA" type="TABLE" refreshed="true">
    <Column sqlTypeId="4" indexed="unknown" autoIncrement="false" type="INTEGER" size="10" decimalDigits="0" name="COD_SUBTAREFA" primaryKey="true" notNull="true"/>
    <Column sqlTypeId="4" indexed="unknown" autoIncrement="false" type="INTEGER" size="10" decimalDigits="0" name="COD_TAREFA" primaryKey="false" notNull="false"/>
    <Column sqlTypeId="12" indexed="unknown" autoIncrement="false" type="VARCHAR" size="255" decimalDigits="0" name="NOME" primaryKey="false" notNull="false"/>
    <Column sqlTypeId="4" indexed="unknown" autoIncrement="false" type="INTEGER" size="10" decimalDigits="0" name="SUBTAREFA_COD_SUBTAREFA" primaryKey="false" notNull="false"/>
  </Table>
  <Table schema="APP" ignoreIndexes="false" name="SUGESTAO" type="TABLE" refreshed="true">
    <Column sqlTypeId="4" indexed="unknown" autoIncrement="false" type="INTEGER" size="10" decimalDigits="0" name="COD_SUGESTAO" primaryKey="true" notNull="true"/>
    <Column sqlTypeId="4" indexed="unknown" autoIncrement="false" type="INTEGER" size="10" decimalDigits="0" name="COD_USER" primaryKey="false" notNull="false"/>
    <Column sqlTypeId="12" indexed="unknown" autoIncrement="false" type="VARCHAR" size="255" decimalDigits="0" name="TITULO" primaryKey="false" notNull="false"/>
    <Column sqlTypeId="12" indexed="unknown" autoIncrement="false" type="VARCHAR" size="255" decimalDigits="0" name="MENSAGEM" primaryKey="false" notNull="false"/>
    <Column sqlTypeId="5" indexed="unknown" autoIncrement="false" type="SMALLINT" size="5" decimalDigits="0" name="JA_VISTA" primaryKey="false" notNull="false"/>
  </Table>
  <Table schema="APP" ignoreIndexes="false" name="TAREFAS" type="TABLE" refreshed="true">
    <Column sqlTypeId="4" indexed="unknown" autoIncrement="false" type="INTEGER" size="10" decimalDigits="0" name="COD_TAREFA" primaryKey="true" notNull="true"/>
    <Column sqlTypeId="12" indexed="unknown" autoIncrement="false" type="VARCHAR" size="255" decimalDigits="0" name="NOME" primaryKey="false" notNull="false"/>
    <Column sqlTypeId="12" indexed="unknown" autoIncrement="false" type="VARCHAR" size="255" decimalDigits="0" name="LOCAL" primaryKey="false" notNull="false"/>
    <Column sqlTypeId="91" indexed="unknown" autoIncrement="false" type="DATE" size="10" decimalDigits="0" name="DATA_TAREFA" primaryKey="false" notNull="false"/>
    <Column sqlTypeId="4" indexed="unknown" autoIncrement="false" type="INTEGER" size="10" decimalDigits="0" name="PRIORIDADE" primaryKey="false" notNull="false"/>
    <Column sqlTypeId="12" indexed="unknown" autoIncrement="false" type="VARCHAR" size="255" decimalDigits="0" name="INTERVENIENTES" primaryKey="false" notNull="false"/>
    <Column sqlTypeId="12" indexed="unknown" autoIncrement="false" type="VARCHAR" size="255" decimalDigits="0" name="URL" primaryKey="false" notNull="false"/>
    <Column sqlTypeId="5" indexed="unknown" autoIncrement="false" type="SMALLINT" size="5" decimalDigits="0" name="CONCLUIDA" primaryKey="false" notNull="false"/>
    <Column sqlTypeId="4" indexed="unknown" autoIncrement="false" type="INTEGER" size="10" decimalDigits="0" name="COD_UTILIZADOR" primaryKey="false" notNull="false"/>
    <Column sqlTypeId="4" indexed="unknown" autoIncrement="false" type="INTEGER" size="10" decimalDigits="0" name="COD_CATEGORIA" primaryKey="false" notNull="false"/>
    <Column sqlTypeId="4" indexed="unknown" autoIncrement="false" type="INTEGER" size="10" decimalDigits="0" name="SUBTAREFA_COD_SUBTAREFA" primaryKey="false" notNull="false"/>
  </Table>
  <Table schema="APP" ignoreIndexes="false" name="USER" type="TABLE" refreshed="true">
    <Column sqlTypeId="4" indexed="unknown" autoIncrement="false" type="INTEGER" size="10" decimalDigits="0" name="OID" primaryKey="true" notNull="true"/>
    <Column sqlTypeId="12" indexed="unknown" autoIncrement="false" type="VARCHAR" size="255" decimalDigits="0" name="USERNAME" primaryKey="false" notNull="false"/>
    <Column sqlTypeId="12" indexed="unknown" autoIncrement="false" type="VARCHAR" size="255" decimalDigits="0" name="PASSWORD" primaryKey="false" notNull="false"/>
    <Column sqlTypeId="12" indexed="unknown" autoIncrement="false" type="VARCHAR" size="255" decimalDigits="0" name="EMAIL" primaryKey="false" notNull="false"/>
    <Column sqlTypeId="4" indexed="unknown" autoIncrement="false" type="INTEGER" size="10" decimalDigits="0" name="GROUP_OID" primaryKey="false" notNull="false"/>
  </Table>
  <Table schema="APP" ignoreIndexes="false" name="USER_GROUP" type="TABLE" refreshed="true">
    <Column sqlTypeId="4" indexed="unknown" autoIncrement="false" type="INTEGER" size="10" decimalDigits="0" name="USER_OID" primaryKey="true" notNull="true"/>
    <Column sqlTypeId="4" indexed="unknown" autoIncrement="false" type="INTEGER" size="10" decimalDigits="0" name="GROUP_OID" primaryKey="true" notNull="true"/>
  </Table>
  <Table schema="APP" ignoreIndexes="false" name="UTILIZADOR" type="TABLE" refreshed="true">
    <Column sqlTypeId="4" indexed="unknown" autoIncrement="false" type="INTEGER" size="10" decimalDigits="0" name="COD_USER" primaryKey="true" notNull="true"/>
    <Column sqlTypeId="12" indexed="unknown" autoIncrement="false" type="VARCHAR" size="255" decimalDigits="0" name="NOME" primaryKey="false" notNull="false"/>
    <Column sqlTypeId="12" indexed="unknown" autoIncrement="false" type="VARCHAR" size="255" decimalDigits="0" name="PASSWORD" primaryKey="false" notNull="false"/>
    <Column sqlTypeId="12" indexed="unknown" autoIncrement="false" type="VARCHAR" size="255" decimalDigits="0" name="EMAIL" primaryKey="false" notNull="false"/>
    <Column sqlTypeId="4" indexed="unknown" autoIncrement="false" type="INTEGER" size="10" decimalDigits="0" name="NIVEL_ACESSO" primaryKey="false" notNull="false"/>
    <Column sqlTypeId="5" indexed="unknown" autoIncrement="false" type="SMALLINT" size="5" decimalDigits="0" name="DESACTIVADO" primaryKey="false" notNull="false"/>
    <Column sqlTypeId="12" indexed="unknown" autoIncrement="false" type="VARCHAR" size="255" decimalDigits="0" name="USERNAME" primaryKey="false" notNull="false"/>
    <Column sqlTypeId="4" indexed="unknown" autoIncrement="false" type="INTEGER" size="10" decimalDigits="0" name="RECLAMACAO_COD_RECLAMACAO" primaryKey="false" notNull="false"/>
    <Column sqlTypeId="4" indexed="unknown" autoIncrement="false" type="INTEGER" size="10" decimalDigits="0" name="SUGESTAO_COD_SUGESTAO" primaryKey="false" notNull="false"/>
    <Column sqlTypeId="4" indexed="unknown" autoIncrement="false" type="INTEGER" size="10" decimalDigits="0" name="TAREFAS_COD_TAREFA" primaryKey="false" notNull="false"/>
  </Table>
</DBMetaData>
