<?xml version="1.0" encoding="UTF-8"?>

<Warnings> 
  <Warning xpath="id('sv1#page1#enu1#ln1#par3')" rootXPath="id('sv1')" key="UNUSED_PASSING_PARAMETER" label="Password_PASSING"> 
    <Message>The passing parameter 'Password_PASSING' is declared but never used</Message>  
    <Resolution class="com.webratio.ide.ui.resources.RemoveElementResolutionGenerator">Remove the invalid link parameter 'sv1#page1#enu1#ln1#par3'</Resolution> 
  </Warning>  
  <Warning xpath="id('sv1#page1#enu1#ln1#par4')" rootXPath="id('sv1')" key="UNUSED_PASSING_PARAMETER" label="Username_PASSING"> 
    <Message>The passing parameter 'Username_PASSING' is declared but never used</Message>  
    <Resolution class="com.webratio.ide.ui.resources.RemoveElementResolutionGenerator">Remove the invalid link parameter 'sv1#page1#enu1#ln1#par4'</Resolution> 
  </Warning>  
  <Warning xpath="id('sv1#page5#enu3#ln8#par7')" rootXPath="id('sv1')" key="UNUSED_PASSING_PARAMETER" label="Mensagem_PASSING"> 
    <Message>The passing parameter 'Mensagem_PASSING' is declared but never used</Message>  
    <Resolution class="com.webratio.ide.ui.resources.RemoveElementResolutionGenerator">Remove the invalid link parameter 'sv1#page5#enu3#ln8#par7'</Resolution> 
  </Warning>  
  <Warning xpath="id('sv1#page5#enu3#ln8#par8')" rootXPath="id('sv1')" key="UNUSED_PASSING_PARAMETER" label="T&#237;tulo_PASSING"> 
    <Message>The passing parameter 'T&#237;tulo_PASSING' is declared but never used</Message>  
    <Resolution class="com.webratio.ide.ui.resources.RemoveElementResolutionGenerator">Remove the invalid link parameter 'sv1#page5#enu3#ln8#par8'</Resolution> 
  </Warning>  
  <Warning xpath="id('sv1#page3#enu2#ln4#par9')" rootXPath="id('sv1')" key="UNUSED_PASSING_PARAMETER" label="Email_PASSING"> 
    <Message>The passing parameter 'Email_PASSING' is declared but never used</Message>  
    <Resolution class="com.webratio.ide.ui.resources.RemoveElementResolutionGenerator">Remove the invalid link parameter 'sv1#page3#enu2#ln4#par9'</Resolution> 
  </Warning>  
  <Warning xpath="id('sv1#page3#enu2#ln4#par10')" rootXPath="id('sv1')" key="UNUSED_PASSING_PARAMETER" label="Nome_PASSING"> 
    <Message>The passing parameter 'Nome_PASSING' is declared but never used</Message>  
    <Resolution class="com.webratio.ide.ui.resources.RemoveElementResolutionGenerator">Remove the invalid link parameter 'sv1#page3#enu2#ln4#par10'</Resolution> 
  </Warning>  
  <Warning xpath="id('sv1#page3#enu2#ln4#par11')" rootXPath="id('sv1')" key="UNUSED_PASSING_PARAMETER" label="Password_PASSING"> 
    <Message>The passing parameter 'Password_PASSING' is declared but never used</Message>  
    <Resolution class="com.webratio.ide.ui.resources.RemoveElementResolutionGenerator">Remove the invalid link parameter 'sv1#page3#enu2#ln4#par11'</Resolution> 
  </Warning>  
  <Warning xpath="id('sv1#page3#enu2#ln4#par12')" rootXPath="id('sv1')" key="UNUSED_PASSING_PARAMETER" label="Username_PASSING"> 
    <Message>The passing parameter 'Username_PASSING' is declared but never used</Message>  
    <Resolution class="com.webratio.ide.ui.resources.RemoveElementResolutionGenerator">Remove the invalid link parameter 'sv1#page3#enu2#ln4#par12'</Resolution> 
  </Warning>  
  <Warning xpath="id('sv1#lou1')" rootXPath="id('sv1')" error="false" label="LogoutUnit1" key="NO_OUTGOING_KO_LINKS"> 
    <Message>No outgoing KO link(s) for the operation unit 'LogoutUnit1'</Message> 
  </Warning>  
  <Warning xpath="id('sv1#cru2')" rootXPath="id('sv1')" error="false" label="CreateUnit2" key="NO_OUTGOING_KO_LINKS"> 
    <Message>No outgoing KO link(s) for the operation unit 'CreateUnit2'</Message> 
  </Warning>  
  <Warning xpath="id('sv1#cru3')" rootXPath="id('sv1')" error="false" label="CreateUnit3" key="NO_OUTGOING_KO_LINKS"> 
    <Message>No outgoing KO link(s) for the operation unit 'CreateUnit3'</Message> 
  </Warning>  
  <Warning error="false" xpath="id('sv1#page2#inu1')" rootXPath="id('sv1')" key="" label="IndexUnit1"> 
    <Message>Sorting attribute are unspecified for the unit 'IndexUnit1'</Message> 
  </Warning> 
</Warnings>
